section,indice,categorie,phase,journée,date/heure,date_confirmee,domicile,extérieur,score,gymnase,ville,lien,adresse_complete
Entente Lyon Est Handball (F),,M16,P1,Amical,samedi 29 août 2026 à 15H00,True,Mendes,M16F EXC - ENTENTE LYON EST HANDBALL,,,Blavozy,,
Entente Lyon Est Handball (F),,M16,P1,Amical,samedi 29 août 2026 à 16H00,True,M16F EXC - ENTENTE LYON EST HANDBALL,Saint-Germain Blavozy Handball,,,Blavozy,,
Entente Lyon Est Handball (F),,M16,P1,1,12 septembre 2026 au 13 septembre 2026,False,M16F EXC - ENTENTE LYON EST HANDBALL,M16F EXC - ENTENTE POISY - ANNECY,,,,https://www.ffhandball.fr/competitions/saison-2026-2027-22/regional/m16-ans-feminin-excellence-aura-30508/poule-190246/rencontre-2654273/,
Entente Lyon Est Handball (F),,M16,P1,2,19 septembre 2026 au 20 septembre 2026,False,CHAMBÉRY LA MOTTE SERVOLEX SAVOIE HANDBALL,M16F EXC - ENTENTE LYON EST HANDBALL,,,,https://www.ffhandball.fr/competitions/saison-2026-2027-22/regional/m16-ans-feminin-excellence-aura-30508/poule-190246/rencontre-2654274/,
Entente Lyon Est Handball (F),,M16,P1,3,3 octobre 2026 au 4 octobre 2026,False,ANNECY CSAV HANDBALL,M16F EXC - ENTENTE LYON EST HANDBALL,,,,https://www.ffhandball.fr/competitions/saison-2026-2027-22/regional/m16-ans-feminin-excellence-aura-30508/poule-190246/rencontre-2654279/,
Entente Lyon Est Handball (F),,M16,P1,4,10 octobre 2026 au 11 octobre 2026,False,M16F EXC - ENTENTE LYON EST HANDBALL,M16F EXC - LYON OUEST HANDBALL,,,,https://www.ffhandball.fr/competitions/saison-2026-2027-22/regional/m16-ans-feminin-excellence-aura-30508/poule-190246/rencontre-2654280/,
Entente Lyon Est Handball (F),,M16,P1,5,17 octobre 2026 au 18 octobre 2026,False,M16F EXC - ENTENTE MEXIMIEUX MONTLUEL,M16F EXC - ENTENTE LYON EST HANDBALL,,,,https://www.ffhandball.fr/competitions/saison-2026-2027-22/regional/m16-ans-feminin-excellence-aura-30508/poule-190246/rencontre-2654284/,
Entente Lyon Est Handball (F),,M16,P1,6,7 novembre 2026 au 8 novembre 2026,False,M16F EXC - ENTENTE POISY - ANNECY,M16F EXC - ENTENTE LYON EST HANDBALL,,,,https://www.ffhandball.fr/competitions/saison-2026-2027-22/regional/m16-ans-feminin-excellence-aura-30508/poule-190246/rencontre-2654288/,
Entente Lyon Est Handball (F),,M16,P1,7,14 novembre 2026 au 15 novembre 2026,False,M16F EXC - ENTENTE LYON EST HANDBALL,CHAMBÉRY LA MOTTE SERVOLEX SAVOIE HANDBALL,,,,https://www.ffhandball.fr/competitions/saison-2026-2027-22/regional/m16-ans-feminin-excellence-aura-30508/poule-190246/rencontre-2654289/,
Entente Lyon Est Handball (F),,M16,P1,8,21 novembre 2026 au 21 novembre 2026,False,M16F EXC - ENTENTE LYON EST HANDBALL,ANNECY CSAV HANDBALL,,,,https://www.ffhandball.fr/competitions/saison-2026-2027-22/regional/m16-ans-feminin-excellence-aura-30508/poule-190246/rencontre-2654294/,
Entente Lyon Est Handball (F),,M16,P1,9,28 novembre 2026 au 29 novembre 2026,False,M16F EXC - LYON OUEST HANDBALL,M16F EXC - ENTENTE LYON EST HANDBALL,,,,https://www.ffhandball.fr/competitions/saison-2026-2027-22/regional/m16-ans-feminin-excellence-aura-30508/poule-190246/rencontre-2654295/,
Entente Lyon Est Handball (F),,M16,P1,10,5 décembre 2026 au 5 décembre 2026,False,M16F EXC - ENTENTE LYON EST HANDBALL,M16F EXC - ENTENTE MEXIMIEUX MONTLUEL,,,,https://www.ffhandball.fr/competitions/saison-2026-2027-22/regional/m16-ans-feminin-excellence-aura-30508/poule-190246/rencontre-2654299/,
Entente Lyon Est Handball (F),A,M18,P1,1,12 septembre 2026 au 13 septembre 2026,False,M18F EXC - ENTENTE BRON VAULX EN VELIN VILLEURBANNE,M18F EXC - ENTENTE LYON EST HANDBALL - 1,,,,https://www.ffhandball.fr/competitions/saison-2026-2027-22/regional/m18-ans-feminin-excellence-aura-30507/poule-190314/rencontre-2653521/,
Entente Lyon Est Handball (F),A,M18,P1,2,19 septembre 2026 au 20 septembre 2026,False,M18F EXC - ENTENTE LYON EST HANDBALL - 1,UODL HB,,,,https://www.ffhandball.fr/competitions/saison-2026-2027-22/regional/m18-ans-feminin-excellence-aura-30507/poule-190314/rencontre-2653524/,
Entente Lyon Est Handball (F),A,M18,P1,3,3 octobre 2026 au 4 octobre 2026,False,PORTE DE L'ISÈRE,M18F EXC - ENTENTE LYON EST HANDBALL - 1,,,,https://www.ffhandball.fr/competitions/saison-2026-2027-22/regional/m18-ans-feminin-excellence-aura-30507/poule-190314/rencontre-2653528/,
Entente Lyon Est Handball (F),A,M18,P1,4,10 octobre 2026 au 11 octobre 2026,False,M18F EXC - ENTENTE LYON EST HANDBALL - 1,MERMOZ F18,,,,https://www.ffhandball.fr/competitions/saison-2026-2027-22/regional/m18-ans-feminin-excellence-aura-30507/poule-190314/rencontre-2653532/,
Entente Lyon Est Handball (F),A,M18,P1,5,17 octobre 2026 au 18 octobre 2026,False,IDA U18F,M18F EXC - ENTENTE LYON EST HANDBALL - 1,,,,https://www.ffhandball.fr/competitions/saison-2026-2027-22/regional/m18-ans-feminin-excellence-aura-30507/poule-190314/rencontre-2653535/,
Entente Lyon Est Handball (F),A,M18,P1,6,7 novembre 2026 au 8 novembre 2026,False,M18F EXC - ENTENTE LYON EST HANDBALL - 1,M18F EXC - ENTENTE BRON VAULX EN VELIN VILLEURBANNE,,,,https://www.ffhandball.fr/competitions/saison-2026-2027-22/regional/m18-ans-feminin-excellence-aura-30507/poule-190314/rencontre-2653536/,
Entente Lyon Est Handball (F),A,M18,P1,7,14 novembre 2026 au 15 novembre 2026,False,UODL HB,M18F EXC - ENTENTE LYON EST HANDBALL - 1,,,,https://www.ffhandball.fr/competitions/saison-2026-2027-22/regional/m18-ans-feminin-excellence-aura-30507/poule-190314/rencontre-2653539/,
Entente Lyon Est Handball (F),A,M18,P1,8,21 novembre 2026 au 22 novembre 2026,False,M18F EXC - ENTENTE LYON EST HANDBALL - 1,PORTE DE L'ISÈRE,,,,https://www.ffhandball.fr/competitions/saison-2026-2027-22/regional/m18-ans-feminin-excellence-aura-30507/poule-190314/rencontre-2653543/,
Entente Lyon Est Handball (F),A,M18,P1,9,28 novembre 2026 au 29 novembre 2026,False,MERMOZ F18,M18F EXC - ENTENTE LYON EST HANDBALL - 1,,,,https://www.ffhandball.fr/competitions/saison-2026-2027-22/regional/m18-ans-feminin-excellence-aura-30507/poule-190314/rencontre-2653547/,
Entente Lyon Est Handball (F),A,M18,P1,10,5 décembre 2026 au 6 décembre 2026,False,M18F EXC - ENTENTE LYON EST HANDBALL - 1,IDA U18F,,,,https://www.ffhandball.fr/competitions/saison-2026-2027-22/regional/m18-ans-feminin-excellence-aura-30507/poule-190314/rencontre-2653550/,
Entente Lyon Est Handball (F),A,Seniors,P1,1,samedi 12 septembre 2026 à 18H00,True,ASUL VAULX-EN-VELIN,ST PRIEST HANDBALL,,Palais des sports jean capievic,Vaulx en velin,https://www.ffhandball.fr/competitions/saison-2026-2027-22/regional/nationale-3-feminine-aura-30494/poule-190149/rencontre-2650854/,"Palais des sports jean capievic, 3 RUE HO CHI MINH, Vaulx en velin"
Entente Lyon Est Handball (F),A,Seniors,P1,2,19 septembre 2026 au 20 septembre 2026,False,ST PRIEST HANDBALL,HANDBALL CLUB DE LYON,,,,https://www.ffhandball.fr/competitions/saison-2026-2027-22/regional/nationale-3-feminine-aura-30494/poule-190149/rencontre-2650860/,
Entente Lyon Est Handball (F),A,Seniors,P1,3,3 octobre 2026 au 4 octobre 2026,False,HBC LANGEAC,ST PRIEST HANDBALL,,,,https://www.ffhandball.fr/competitions/saison-2026-2027-22/regional/nationale-3-feminine-aura-30494/poule-190149/rencontre-2650868/,
Entente Lyon Est Handball (F),A,Seniors,P1,4,samedi 10 octobre 2026 à 20H00,True,HANDBALL CLERMONT AUVERGNE METROPOLE 63,ST PRIEST HANDBALL,,Edith tavert,Clermont ferrand,https://www.ffhandball.fr/competitions/saison-2026-2027-22/regional/nationale-3-feminine-aura-30494/poule-190149/rencontre-2650874/,"Edith tavert, boulevard saint jean, Clermont ferrand"
Entente Lyon Est Handball (F),A,Seniors,P1,5,7 novembre 2026 au 8 novembre 2026,False,ST PRIEST HANDBALL,ST GENIS LAVAL AL HANDBALL 2,,,,https://www.ffhandball.fr/competitions/saison-2026-2027-22/regional/nationale-3-feminine-aura-30494/poule-190149/rencontre-2650879/,
Entente Lyon Est Handball (F),A,Seniors,P1,6,14 novembre 2026 au 15 novembre 2026,False,CALUIRE RILLIEUX HANDBALL,ST PRIEST HANDBALL,,,,https://www.ffhandball.fr/competitions/saison-2026-2027-22/regional/nationale-3-feminine-aura-30494/poule-190149/rencontre-2650884/,
Entente Lyon Est Handball (F),A,Seniors,P1,7,28 novembre 2026 au 29 novembre 2026,False,ST PRIEST HANDBALL,ST CHAMOND HANDBALL PAYS DU GIER 2,,,,https://www.ffhandball.fr/competitions/saison-2026-2027-22/regional/nationale-3-feminine-aura-30494/poule-190149/rencontre-2650890/,
Entente Lyon Est Handball (F),A,Seniors,P1,8,5 décembre 2026 au 6 décembre 2026,False,BLANZAT SPORT MONTLUCON,ST PRIEST HANDBALL,,,,https://www.ffhandball.fr/competitions/saison-2026-2027-22/regional/nationale-3-feminine-aura-30494/poule-190149/rencontre-2650895/,
Entente Lyon Est Handball (F),A,Seniors,P1,9,12 décembre 2026 au 13 décembre 2026,False,ST PRIEST HANDBALL,ST LAURENT DE CHAMOUSSET HBC,,,,https://www.ffhandball.fr/competitions/saison-2026-2027-22/regional/nationale-3-feminine-aura-30494/poule-190149/rencontre-2650902/,
Entente Lyon Est Handball (F),A,Seniors,P1,10,9 janvier 2027 au 10 janvier 2027,False,SAINT-FLOUR HANDBALL,ST PRIEST HANDBALL,,,,https://www.ffhandball.fr/competitions/saison-2026-2027-22/regional/nationale-3-feminine-aura-30494/poule-190149/rencontre-2650910/,
Entente Lyon Est Handball (F),A,Seniors,P1,11,16 janvier 2027 au 17 janvier 2027,False,ST PRIEST HANDBALL,AMBERIEU HBC,,,,https://www.ffhandball.fr/competitions/saison-2026-2027-22/regional/nationale-3-feminine-aura-30494/poule-190149/rencontre-2650914/,
Entente Lyon Est Handball (F),A,Seniors,P1,12,23 janvier 2027 au 24 janvier 2027,False,ST PRIEST HANDBALL,ASUL VAULX-EN-VELIN,,,,https://www.ffhandball.fr/competitions/saison-2026-2027-22/regional/nationale-3-feminine-aura-30494/poule-190149/rencontre-2650920/,
Entente Lyon Est Handball (F),A,Seniors,P1,13,30 janvier 2027 au 31 janvier 2027,False,HANDBALL CLUB DE LYON,ST PRIEST HANDBALL,,,,https://www.ffhandball.fr/competitions/saison-2026-2027-22/regional/nationale-3-feminine-aura-30494/poule-190149/rencontre-2650926/,
Entente Lyon Est Handball (F),A,Seniors,P1,14,6 février 2027 au 7 février 2027,False,ST PRIEST HANDBALL,HBC LANGEAC,,,,https://www.ffhandball.fr/competitions/saison-2026-2027-22/regional/nationale-3-feminine-aura-30494/poule-190149/rencontre-2650934/,
Entente Lyon Est Handball (F),A,Seniors,P1,15,6 mars 2027 au 7 mars 2027,False,ST PRIEST HANDBALL,HANDBALL CLERMONT AUVERGNE METROPOLE 63,,,,https://www.ffhandball.fr/competitions/saison-2026-2027-22/regional/nationale-3-feminine-aura-30494/poule-190149/rencontre-2650940/,
Entente Lyon Est Handball (F),A,Seniors,P1,16,13 mars 2027 au 14 mars 2027,False,ST GENIS LAVAL AL HANDBALL 2,ST PRIEST HANDBALL,,,,https://www.ffhandball.fr/competitions/saison-2026-2027-22/regional/nationale-3-feminine-aura-30494/poule-190149/rencontre-2650945/,
Entente Lyon Est Handball (F),A,Seniors,P1,17,20 mars 2027 au 21 mars 2027,False,ST PRIEST HANDBALL,CALUIRE RILLIEUX HANDBALL,,,,https://www.ffhandball.fr/competitions/saison-2026-2027-22/regional/nationale-3-feminine-aura-30494/poule-190149/rencontre-2650950/,
Entente Lyon Est Handball (F),A,Seniors,P1,18,3 avril 2027 au 4 avril 2027,False,ST CHAMOND HANDBALL PAYS DU GIER 2,ST PRIEST HANDBALL,,,,https://www.ffhandball.fr/competitions/saison-2026-2027-22/regional/nationale-3-feminine-aura-30494/poule-190149/rencontre-2650956/,
Entente Lyon Est Handball (F),A,Seniors,P1,19,10 avril 2027 au 11 avril 2027,False,ST PRIEST HANDBALL,BLANZAT SPORT MONTLUCON,,,,https://www.ffhandball.fr/competitions/saison-2026-2027-22/regional/nationale-3-feminine-aura-30494/poule-190149/rencontre-2650961/,
Entente Lyon Est Handball (F),A,Seniors,P1,20,1 mai 2027 au 2 mai 2027,False,ST LAURENT DE CHAMOUSSET HBC,ST PRIEST HANDBALL,,,,https://www.ffhandball.fr/competitions/saison-2026-2027-22/regional/nationale-3-feminine-aura-30494/poule-190149/rencontre-2650968/,
Entente Lyon Est Handball (F),A,Seniors,P1,21,22 mai 2027 au 23 mai 2027,False,ST PRIEST HANDBALL,SAINT-FLOUR HANDBALL,,,,https://www.ffhandball.fr/competitions/saison-2026-2027-22/regional/nationale-3-feminine-aura-30494/poule-190149/rencontre-2650976/,
Entente Lyon Est Handball (F),A,Seniors,P1,22,29 mai 2027 au 30 mai 2027,False,AMBERIEU HBC,ST PRIEST HANDBALL,,,,https://www.ffhandball.fr/competitions/saison-2026-2027-22/regional/nationale-3-feminine-aura-30494/poule-190149/rencontre-2650980/,
Entente Lyon Est Handball (F),B,Seniors,P1,1,12 septembre 2026 au 13 septembre 2026,False,P16F PNF - PORTE DE L'ISERE,P16F PNF - ENTENTE LYON EST HANDBALL,,,,https://www.ffhandball.fr/competitions/saison-2026-2027-22/regional/prenationale-feminine-aura-30495/poule-190154/rencontre-2651230/,
Entente Lyon Est Handball (F),B,Seniors,P1,2,19 septembre 2026 au 20 septembre 2026,False,P16F PNF - ENTENTE LYON EST HANDBALL,HANDBALL CLUB BOURGETAIN,,,,https://www.ffhandball.fr/competitions/saison-2026-2027-22/regional/prenationale-feminine-aura-30495/poule-190154/rencontre-2651234/,
Entente Lyon Est Handball (F),B,Seniors,P1,3,3 octobre 2026 au 4 octobre 2026,False,P16F PNF - ENTENTE MEXIMIEUX MONTLUEL,P16F PNF - ENTENTE LYON EST HANDBALL,,,,https://www.ffhandball.fr/competitions/saison-2026-2027-22/regional/prenationale-feminine-aura-30495/poule-190154/rencontre-2651237/,
Entente Lyon Est Handball (F),B,Seniors,P1,4,10 octobre 2026 au 11 octobre 2026,False,P16F PNF - ENTENTE LYON EST HANDBALL,SAINT GENIX - AOSTE HB,,,,https://www.ffhandball.fr/competitions/saison-2026-2027-22/regional/prenationale-feminine-aura-30495/poule-190154/rencontre-2651240/,
Entente Lyon Est Handball (F),B,Seniors,P1,5,7 novembre 2026 au 8 novembre 2026,False,BELLEY HBC,P16F PNF - ENTENTE LYON EST HANDBALL,,,,https://www.ffhandball.fr/competitions/saison-2026-2027-22/regional/prenationale-feminine-aura-30495/poule-190154/rencontre-2651243/,
Entente Lyon Est Handball (F),B,Seniors,P1,6,14 novembre 2026 au 15 novembre 2026,False,CS MORESTEL HANDBALL,P16F PNF - ENTENTE LYON EST HANDBALL,,,,https://www.ffhandball.fr/competitions/saison-2026-2027-22/regional/prenationale-feminine-aura-30495/poule-190154/rencontre-2651248/,
Entente Lyon Est Handball (F),B,Seniors,P1,7,28 novembre 2026 au 29 novembre 2026,False,P16F PNF - ENTENTE LYON EST HANDBALL,P16F PNF - ENTENTE BRON VILLEURBANNE,,,,https://www.ffhandball.fr/competitions/saison-2026-2027-22/regional/prenationale-feminine-aura-30495/poule-190154/rencontre-2651253/,
Entente Lyon Est Handball (F),B,Seniors,P1,8,5 décembre 2026 au 7 mars 2027,False,P16F PNF - ENTENTE LYON EST HANDBALL,P16F PNF - PORTE DE L'ISERE,,,,https://www.ffhandball.fr/competitions/saison-2026-2027-22/regional/prenationale-feminine-aura-30495/poule-190154/rencontre-2651258/,
Entente Lyon Est Handball (F),B,Seniors,P1,9,12 décembre 2026 au 13 décembre 2026,False,HANDBALL CLUB BOURGETAIN,P16F PNF - ENTENTE LYON EST HANDBALL,,,,https://www.ffhandball.fr/competitions/saison-2026-2027-22/regional/prenationale-feminine-aura-30495/poule-190154/rencontre-2651262/,
Entente Lyon Est Handball (F),B,Seniors,P1,10,9 janvier 2027 au 10 janvier 2027,False,P16F PNF - ENTENTE LYON EST HANDBALL,P16F PNF - ENTENTE MEXIMIEUX MONTLUEL,,,,https://www.ffhandball.fr/competitions/saison-2026-2027-22/regional/prenationale-feminine-aura-30495/poule-190154/rencontre-2651265/,
Entente Lyon Est Handball (F),B,Seniors,P1,11,16 janvier 2027 au 17 janvier 2027,False,SAINT GENIX - AOSTE HB,P16F PNF - ENTENTE LYON EST HANDBALL,,,,https://www.ffhandball.fr/competitions/saison-2026-2027-22/regional/prenationale-feminine-aura-30495/poule-190154/rencontre-2651268/,
Entente Lyon Est Handball (F),B,Seniors,P1,12,23 janvier 2027 au 24 janvier 2027,False,P16F PNF - ENTENTE LYON EST HANDBALL,BELLEY HBC,,,,https://www.ffhandball.fr/competitions/saison-2026-2027-22/regional/prenationale-feminine-aura-30495/poule-190154/rencontre-2651271/,
Entente Lyon Est Handball (F),B,Seniors,P1,13,30 janvier 2027 au 31 janvier 2027,False,P16F PNF - ENTENTE LYON EST HANDBALL,CS MORESTEL HANDBALL,,,,https://www.ffhandball.fr/competitions/saison-2026-2027-22/regional/prenationale-feminine-aura-30495/poule-190154/rencontre-2651276/,
Entente Lyon Est Handball (F),B,Seniors,P1,14,6 février 2027 au 7 février 2027,False,P16F PNF - ENTENTE BRON VILLEURBANNE,P16F PNF - ENTENTE LYON EST HANDBALL,,,,https://www.ffhandball.fr/competitions/saison-2026-2027-22/regional/prenationale-feminine-aura-30495/poule-190154/rencontre-2651281/,
Entente Est Lyonnais (G),Rés.,M15,P1,1,12 septembre 2026 au 13 septembre 2026,False,M15M EXC - ENTENTE NORD ISERE (RESERVE),M15M EXC - ENTENTE EST LYONNAIS - RESERVE,,,,https://www.ffhandball.fr/competitions/saison-2026-2027-22/regional/m15-ans-masculin-reserves-aura-30505/poule-190254/rencontre-2652951/,
Entente Est Lyonnais (G),Rés.,M15,P1,2,19 septembre 2026 au 20 septembre 2026,False,M15M EXC - ENTENTE EST LYONNAIS - RESERVE,ST GENIS LAVAL AL HANDBALL -15 reserve,,,,https://www.ffhandball.fr/competitions/saison-2026-2027-22/regional/m15-ans-masculin-reserves-aura-30505/poule-190254/rencontre-2652954/,
Entente Est Lyonnais (G),Rés.,M15,P1,4,10 octobre 2026 au 11 octobre 2026,False,M15M EXC - ENTENTE EST LYONNAIS - RESERVE,VILLEURBANNE HANDBALL ASSOCIATION,,,,https://www.ffhandball.fr/competitions/saison-2026-2027-22/regional/m15-ans-masculin-reserves-aura-30505/poule-190254/rencontre-2652962/,
Entente Est Lyonnais (G),Rés.,M15,P1,5,17 octobre 2026 au 18 octobre 2026,False,UODL HANDBALL,M15M EXC - ENTENTE EST LYONNAIS - RESERVE,,,,https://www.ffhandball.fr/competitions/saison-2026-2027-22/regional/m15-ans-masculin-reserves-aura-30505/poule-190254/rencontre-2652965/,
Entente Est Lyonnais (G),Rés.,M15,P1,6,7 novembre 2026 au 8 novembre 2026,False,M15M EXC - ENTENTE EST LYONNAIS - RESERVE,M15M EXC - ENTENTE NORD ISERE (RESERVE),,,,https://www.ffhandball.fr/competitions/saison-2026-2027-22/regional/m15-ans-masculin-reserves-aura-30505/poule-190254/rencontre-2652966/,
Entente Est Lyonnais (G),Rés.,M15,P1,7,14 novembre 2026 au 15 novembre 2026,False,ST GENIS LAVAL AL HANDBALL -15 reserve,M15M EXC - ENTENTE EST LYONNAIS - RESERVE,,,,https://www.ffhandball.fr/competitions/saison-2026-2027-22/regional/m15-ans-masculin-reserves-aura-30505/poule-190254/rencontre-2652969/,
Entente Est Lyonnais (G),Rés.,M15,P1,9,28 novembre 2026 au 29 novembre 2026,False,VILLEURBANNE HANDBALL ASSOCIATION,M15M EXC - ENTENTE EST LYONNAIS - RESERVE,,,,https://www.ffhandball.fr/competitions/saison-2026-2027-22/regional/m15-ans-masculin-reserves-aura-30505/poule-190254/rencontre-2652977/,
Entente Est Lyonnais (G),Rés.,M15,P1,10,5 décembre 2026 au 5 décembre 2026,False,M15M EXC - ENTENTE EST LYONNAIS - RESERVE,UODL HANDBALL,,,,https://www.ffhandball.fr/competitions/saison-2026-2027-22/regional/m15-ans-masculin-reserves-aura-30505/poule-190254/rencontre-2652980/,
Entente Est Lyonnais (G),,M17,P1,1,12 septembre 2026 au 13 septembre 2026,False,M17M EXC - ENTENTE NORD ISERE,M17M EXC - ENTENTE EST LYONNAIS,,,,https://www.ffhandball.fr/competitions/saison-2026-2027-22/regional/m17-ans-masculin-excellence-aura-30503/poule-190250/rencontre-2652531/,
Entente Est Lyonnais (G),,M17,P1,2,19 septembre 2026 au 20 septembre 2026,False,M17M EXC - ENTENTE EST LYONNAIS,ST GENIS LAVAL AL HANDBALL -17 m aura,,,,https://www.ffhandball.fr/competitions/saison-2026-2027-22/regional/m17-ans-masculin-excellence-aura-30503/poule-190250/rencontre-2652534/,
Entente Est Lyonnais (G),,M17,P1,4,10 octobre 2026 au 11 octobre 2026,False,M17M EXC - ENTENTE EST LYONNAIS,M17M EXC - LYON METROPOLE,,,,https://www.ffhandball.fr/competitions/saison-2026-2027-22/regional/m17-ans-masculin-excellence-aura-30503/poule-190250/rencontre-2652542/,
Entente Est Lyonnais (G),,M17,P1,5,17 octobre 2026 au 18 octobre 2026,False,UODL HANDBALL,M17M EXC - ENTENTE EST LYONNAIS,,,,https://www.ffhandball.fr/competitions/saison-2026-2027-22/regional/m17-ans-masculin-excellence-aura-30503/poule-190250/rencontre-2652545/,
Entente Est Lyonnais (G),,M17,P1,6,7 novembre 2026 au 8 novembre 2026,False,M17M EXC - ENTENTE EST LYONNAIS,M17M EXC - ENTENTE NORD ISERE,,,,https://www.ffhandball.fr/competitions/saison-2026-2027-22/regional/m17-ans-masculin-excellence-aura-30503/poule-190250/rencontre-2652546/,
Entente Est Lyonnais (G),,M17,P1,7,14 novembre 2026 au 15 novembre 2026,False,ST GENIS LAVAL AL HANDBALL -17 m aura,M17M EXC - ENTENTE EST LYONNAIS,,,,https://www.ffhandball.fr/competitions/saison-2026-2027-22/regional/m17-ans-masculin-excellence-aura-30503/poule-190250/rencontre-2652549/,
Entente Est Lyonnais (G),,M17,P1,9,28 novembre 2026 au 29 novembre 2026,False,M17M EXC - LYON METROPOLE,M17M EXC - ENTENTE EST LYONNAIS,,,,https://www.ffhandball.fr/competitions/saison-2026-2027-22/regional/m17-ans-masculin-excellence-aura-30503/poule-190250/rencontre-2652557/,
Entente Est Lyonnais (G),,M17,P1,10,5 décembre 2026 au 5 décembre 2026,False,M17M EXC - ENTENTE EST LYONNAIS,UODL HANDBALL,,,,https://www.ffhandball.fr/competitions/saison-2026-2027-22/regional/m17-ans-masculin-excellence-aura-30503/poule-190250/rencontre-2652560/,
Entente Lyon Est Handball (F),A,M13,P1,1,12 septembre 2026 au 13 septembre 2026,False,M13F EXC - ENTENTE LYON EST HANDBALL - 1,HBC St laurent de Chamousset,,,,https://www.ffhandball.fr/competitions/saison-2026-2027-22/regional/m13-ans-feminin-excellence-aura-30510/poule-190367/rencontre-2654091/,
Entente Lyon Est Handball (F),A,M13,P1,3,3 octobre 2026 au 4 octobre 2026,False,M13F EXC - ENTENTE LYON EST HANDBALL - 1,VILLEURBANNE HANDBALL ASSOCIATION,,,,https://www.ffhandball.fr/competitions/saison-2026-2027-22/regional/m13-ans-feminin-excellence-aura-30510/poule-190367/rencontre-2654099/,
Entente Lyon Est Handball (F),A,M13,P1,4,10 octobre 2026 au 11 octobre 2026,False,M13F EXC - ENTENTE LYON EST HANDBALL - 1,AS LYON CALUIRE,,,,https://www.ffhandball.fr/competitions/saison-2026-2027-22/regional/m13-ans-feminin-excellence-aura-30510/poule-190367/rencontre-2654101/,
Entente Lyon Est Handball (F),A,M13,P1,5,17 octobre 2026 au 18 octobre 2026,False,ASUL VAULX-EN-VELIN,M13F EXC - ENTENTE LYON EST HANDBALL - 1,,,,https://www.ffhandball.fr/competitions/saison-2026-2027-22/regional/m13-ans-feminin-excellence-aura-30510/poule-190367/rencontre-2654103/,
Entente Lyon Est Handball (F),A,M13,P1,6,7 novembre 2026 au 8 novembre 2026,False,HBC St laurent de Chamousset,M13F EXC - ENTENTE LYON EST HANDBALL - 1,,,,https://www.ffhandball.fr/competitions/saison-2026-2027-22/regional/m13-ans-feminin-excellence-aura-30510/poule-190367/rencontre-2654106/,
Entente Lyon Est Handball (F),A,M13,P1,8,21 novembre 2026 au 21 novembre 2026,False,VILLEURBANNE HANDBALL ASSOCIATION,M13F EXC - ENTENTE LYON EST HANDBALL - 1,,,,https://www.ffhandball.fr/competitions/saison-2026-2027-22/regional/m13-ans-feminin-excellence-aura-30510/poule-190367/rencontre-2654114/,
Entente Lyon Est Handball (F),A,M13,P1,9,28 novembre 2026 au 29 novembre 2026,False,AS LYON CALUIRE,M13F EXC - ENTENTE LYON EST HANDBALL - 1,,,,https://www.ffhandball.fr/competitions/saison-2026-2027-22/regional/m13-ans-feminin-excellence-aura-30510/poule-190367/rencontre-2654116/,
Entente Lyon Est Handball (F),A,M13,P1,10,5 décembre 2026 au 5 décembre 2026,False,M13F EXC - ENTENTE LYON EST HANDBALL - 1,ASUL VAULX-EN-VELIN,,,,https://www.ffhandball.fr/competitions/saison-2026-2027-22/regional/m13-ans-feminin-excellence-aura-30510/poule-190367/rencontre-2654118/,
Entente Villette Genas,A,M13,P1,1,12 septembre 2026 au 13 septembre 2026,False,-13G1 US MEYZIEU HANDBALL,M13M EXC - ENTENTE GENAS - VILLETTE,,,,https://www.ffhandball.fr/competitions/saison-2026-2027-22/regional/m13-ans-masculin-excellence-aura-30506/poule-190357/rencontre-2653252/,
Entente Villette Genas,A,M13,P1,3,3 octobre 2026 au 4 octobre 2026,False,M13M Chaponnay,M13M EXC - ENTENTE GENAS - VILLETTE,,,,https://www.ffhandball.fr/competitions/saison-2026-2027-22/regional/m13-ans-masculin-excellence-aura-30506/poule-190357/rencontre-2653257/,
Entente Villette Genas,A,M13,P1,4,10 octobre 2026 au 11 octobre 2026,False,M13M EXC - ENTENTE CORBAS - ST PRIEST,M13M EXC - ENTENTE GENAS - VILLETTE,,,,https://www.ffhandball.fr/competitions/saison-2026-2027-22/regional/m13-ans-masculin-excellence-aura-30506/poule-190357/rencontre-2653262/,
Entente Villette Genas,A,M13,P1,5,17 octobre 2026 au 18 octobre 2026,False,M13M EXC - ENTENTE GENAS - VILLETTE,M13M EXC - ENTENTE BOURGOIN/VILLEFONTAINE,,,,https://www.ffhandball.fr/competitions/saison-2026-2027-22/regional/m13-ans-masculin-excellence-aura-30506/poule-190357/rencontre-2653264/,
Entente Villette Genas,A,M13,P1,6,7 novembre 2026 au 8 novembre 2026,False,M13M EXC - ENTENTE GENAS - VILLETTE,-13G1 US MEYZIEU HANDBALL,,,,https://www.ffhandball.fr/competitions/saison-2026-2027-22/regional/m13-ans-masculin-excellence-aura-30506/poule-190357/rencontre-2653267/,
Entente Villette Genas,A,M13,P1,8,21 novembre 2026 au 21 novembre 2026,False,M13M EXC - ENTENTE GENAS - VILLETTE,M13M Chaponnay,,,,https://www.ffhandball.fr/competitions/saison-2026-2027-22/regional/m13-ans-masculin-excellence-aura-30506/poule-190357/rencontre-2653272/,
Entente Villette Genas,A,M13,P1,9,28 novembre 2026 au 29 novembre 2026,False,M13M EXC - ENTENTE GENAS - VILLETTE,M13M EXC - ENTENTE CORBAS - ST PRIEST,,,,https://www.ffhandball.fr/competitions/saison-2026-2027-22/regional/m13-ans-masculin-excellence-aura-30506/poule-190357/rencontre-2653277/,
Entente Villette Genas,A,M13,P1,10,5 décembre 2026 au 5 décembre 2026,False,M13M EXC - ENTENTE BOURGOIN/VILLEFONTAINE,M13M EXC - ENTENTE GENAS - VILLETTE,,,,https://www.ffhandball.fr/competitions/saison-2026-2027-22/regional/m13-ans-masculin-excellence-aura-30506/poule-190357/rencontre-2653279/,
Entente Lyon Est Handball (F),A,M15,P1,1,12 septembre 2026 au 13 septembre 2026,False,M15F EXC - ENTENTE LYON EST HANDBALL,PAYS VOIRONNAIS HANDBALL 1,,,,https://www.ffhandball.fr/competitions/saison-2026-2027-22/regional/m15-ans-feminin-excellence-aura-30509/poule-190342/rencontre-2653883/,
Entente Lyon Est Handball (F),A,M15,P1,2,19 septembre 2026 au 20 septembre 2026,False,M15F EXC - PORTE DE L'ISERE,M15F EXC - ENTENTE LYON EST HANDBALL,,,,https://www.ffhandball.fr/competitions/saison-2026-2027-22/regional/m15-ans-feminin-excellence-aura-30509/poule-190342/rencontre-2653884/,
Entente Lyon Est Handball (F),A,M15,P1,3,3 octobre 2026 au 4 octobre 2026,False,M15F EXC - ENTENTE BRON VILLEURBANNE,M15F EXC - ENTENTE LYON EST HANDBALL,,,,https://www.ffhandball.fr/competitions/saison-2026-2027-22/regional/m15-ans-feminin-excellence-aura-30509/poule-190342/rencontre-2653889/,
Entente Lyon Est Handball (F),A,M15,P1,4,10 octobre 2026 au 11 octobre 2026,False,M15F EXC - ENTENTE LYON EST HANDBALL,HBC ECHIROLLES-EYBENS,,,,https://www.ffhandball.fr/competitions/saison-2026-2027-22/regional/m15-ans-feminin-excellence-aura-30509/poule-190342/rencontre-2653890/,
Entente Lyon Est Handball (F),A,M15,P1,5,17 octobre 2026 au 18 octobre 2026,False,MEYLAN HANDBALL 1,M15F EXC - ENTENTE LYON EST HANDBALL,,,,https://www.ffhandball.fr/competitions/saison-2026-2027-22/regional/m15-ans-feminin-excellence-aura-30509/poule-190342/rencontre-2653894/,
Entente Lyon Est Handball (F),A,M15,P1,6,7 novembre 2026 au 8 novembre 2026,False,PAYS VOIRONNAIS HANDBALL 1,M15F EXC - ENTENTE LYON EST HANDBALL,,,,https://www.ffhandball.fr/competitions/saison-2026-2027-22/regional/m15-ans-feminin-excellence-aura-30509/poule-190342/rencontre-2653898/,
Entente Lyon Est Handball (F),A,M15,P1,7,14 novembre 2026 au 15 novembre 2026,False,M15F EXC - ENTENTE LYON EST HANDBALL,M15F EXC - PORTE DE L'ISERE,,,,https://www.ffhandball.fr/competitions/saison-2026-2027-22/regional/m15-ans-feminin-excellence-aura-30509/poule-190342/rencontre-2653899/,
Entente Lyon Est Handball (F),A,M15,P1,8,21 novembre 2026 au 21 novembre 2026,False,M15F EXC - ENTENTE LYON EST HANDBALL,M15F EXC - ENTENTE BRON VILLEURBANNE,,,,https://www.ffhandball.fr/competitions/saison-2026-2027-22/regional/m15-ans-feminin-excellence-aura-30509/poule-190342/rencontre-2653904/,
Entente Lyon Est Handball (F),A,M15,P1,9,28 novembre 2026 au 29 novembre 2026,False,HBC ECHIROLLES-EYBENS,M15F EXC - ENTENTE LYON EST HANDBALL,,,,https://www.ffhandball.fr/competitions/saison-2026-2027-22/regional/m15-ans-feminin-excellence-aura-30509/poule-190342/rencontre-2653905/,
Entente Lyon Est Handball (F),A,M15,P1,10,5 décembre 2026 au 5 décembre 2026,False,M15F EXC - ENTENTE LYON EST HANDBALL,MEYLAN HANDBALL 1,,,,https://www.ffhandball.fr/competitions/saison-2026-2027-22/regional/m15-ans-feminin-excellence-aura-30509/poule-190342/rencontre-2653909/,
Entente Est Lyonnais (G),B,M15,P1,1,12 septembre 2026 au 13 septembre 2026,False,M15M EXC - ENTENTE EST LYONNAIS,SAINT GENIX AOSTE HB 1,,,,https://www.ffhandball.fr/competitions/saison-2026-2027-22/regional/m15-ans-masculin-excellence-aura-30504/poule-190328/rencontre-2652772/,
Entente Est Lyonnais (G),B,M15,P1,2,19 septembre 2026 au 20 septembre 2026,False,BELLEY HBC,M15M EXC - ENTENTE EST LYONNAIS,,,,https://www.ffhandball.fr/competitions/saison-2026-2027-22/regional/m15-ans-masculin-excellence-aura-30504/poule-190328/rencontre-2652776/,
Entente Est Lyonnais (G),B,M15,P1,3,3 octobre 2026 au 4 octobre 2026,False,M15M EXC - ENTENTE EST LYONNAIS,M15M CHAPONNAY,,,,https://www.ffhandball.fr/competitions/saison-2026-2027-22/regional/m15-ans-masculin-excellence-aura-30504/poule-190328/rencontre-2652778/,
Entente Est Lyonnais (G),B,M15,P1,4,10 octobre 2026 au 11 octobre 2026,False,MERMOZ G15A,M15M EXC - ENTENTE EST LYONNAIS,,,,https://www.ffhandball.fr/competitions/saison-2026-2027-22/regional/m15-ans-masculin-excellence-aura-30504/poule-190328/rencontre-2652780/,
Entente Est Lyonnais (G),B,M15,P1,5,17 octobre 2026 au 18 octobre 2026,False,M15M EXC - ENTENTE EST LYONNAIS,HANDBALL CLUB DE LYON,,,,https://www.ffhandball.fr/competitions/saison-2026-2027-22/regional/m15-ans-masculin-excellence-aura-30504/poule-190328/rencontre-2652783/,
Entente Est Lyonnais (G),B,M15,P1,6,7 novembre 2026 au 8 novembre 2026,False,SAINT GENIX AOSTE HB 1,M15M EXC - ENTENTE EST LYONNAIS,,,,https://www.ffhandball.fr/competitions/saison-2026-2027-22/regional/m15-ans-masculin-excellence-aura-30504/poule-190328/rencontre-2652787/,
Entente Est Lyonnais (G),B,M15,P1,7,14 novembre 2026 au 15 novembre 2026,False,M15M EXC - ENTENTE EST LYONNAIS,BELLEY HBC,,,,https://www.ffhandball.fr/competitions/saison-2026-2027-22/regional/m15-ans-masculin-excellence-aura-30504/poule-190328/rencontre-2652791/,
Entente Est Lyonnais (G),B,M15,P1,8,21 novembre 2026 au 21 novembre 2026,False,M15M CHAPONNAY,M15M EXC - ENTENTE EST LYONNAIS,,,,https://www.ffhandball.fr/competitions/saison-2026-2027-22/regional/m15-ans-masculin-excellence-aura-30504/poule-190328/rencontre-2652793/,
Entente Est Lyonnais (G),B,M15,P1,9,28 novembre 2026 au 29 novembre 2026,False,M15M EXC - ENTENTE EST LYONNAIS,MERMOZ G15A,,,,https://www.ffhandball.fr/competitions/saison-2026-2027-22/regional/m15-ans-masculin-excellence-aura-30504/poule-190328/rencontre-2652795/,
Entente Est Lyonnais (G),B,M15,P1,10,5 décembre 2026 au 5 décembre 2026,False,HANDBALL CLUB DE LYON,M15M EXC - ENTENTE EST LYONNAIS,,,,https://www.ffhandball.fr/competitions/saison-2026-2027-22/regional/m15-ans-masculin-excellence-aura-30504/poule-190328/rencontre-2652798/,
Entente Villette Genas,C,M15,P1,1,samedi 12 septembre 2026 à 17H00,True,M15M EXC - ENTENTE BEAUJOLAISE 2,M15M EXC - ENTENTE GENAS - VILLETTE,,Gymnase du val de saone,St didier sur chalaronne,https://www.ffhandball.fr/competitions/saison-2026-2027-22/regional/m15-ans-masculin-excellence-aura-30504/poule-190326/rencontre-2652713/,"Gymnase du val de saone, AVENUE DES SPORTS, St didier sur chalaronne"
Entente Villette Genas,C,M15,P1,2,19 septembre 2026 au 20 septembre 2026,False,M15M EXC - ENTENTE GENAS - VILLETTE,HB GLEIZE ST JULIEN DENICE U15M A,,,,https://www.ffhandball.fr/competitions/saison-2026-2027-22/regional/m15-ans-masculin-excellence-aura-30504/poule-190326/rencontre-2652716/,
Entente Villette Genas,C,M15,P1,4,10 octobre 2026 au 11 octobre 2026,False,M15M EXC - MIONS HEYRIEUX,M15M EXC - ENTENTE GENAS - VILLETTE,,,,https://www.ffhandball.fr/competitions/saison-2026-2027-22/regional/m15-ans-masculin-excellence-aura-30504/poule-190326/rencontre-2652721/,
Entente Villette Genas,C,M15,P1,5,17 octobre 2026 au 18 octobre 2026,False,M15M EXC - ENTENTE GENAS - VILLETTE,AS GENAY HANDBALL,,,,https://www.ffhandball.fr/competitions/saison-2026-2027-22/regional/m15-ans-masculin-excellence-aura-30504/poule-190326/rencontre-2652725/,
Entente Villette Genas,C,M15,P1,6,7 novembre 2026 au 8 novembre 2026,False,M15M EXC - ENTENTE GENAS - VILLETTE,M15M EXC - ENTENTE BEAUJOLAISE 2,,,,https://www.ffhandball.fr/competitions/saison-2026-2027-22/regional/m15-ans-masculin-excellence-aura-30504/poule-190326/rencontre-2652728/,
Entente Villette Genas,C,M15,P1,7,14 novembre 2026 au 15 novembre 2026,False,HB GLEIZE ST JULIEN DENICE U15M A,M15M EXC - ENTENTE GENAS - VILLETTE,,,,https://www.ffhandball.fr/competitions/saison-2026-2027-22/regional/m15-ans-masculin-excellence-aura-30504/poule-190326/rencontre-2652731/,
Entente Villette Genas,C,M15,P1,9,28 novembre 2026 au 29 novembre 2026,False,M15M EXC - ENTENTE GENAS - VILLETTE,M15M EXC - MIONS HEYRIEUX,,,,https://www.ffhandball.fr/competitions/saison-2026-2027-22/regional/m15-ans-masculin-excellence-aura-30504/poule-190326/rencontre-2652736/,
Entente Villette Genas,C,M15,P1,10,5 décembre 2026 au 5 décembre 2026,False,AS GENAY HANDBALL,M15M EXC - ENTENTE GENAS - VILLETTE,,,,https://www.ffhandball.fr/competitions/saison-2026-2027-22/regional/m15-ans-masculin-excellence-aura-30504/poule-190326/rencontre-2652740/,
Entente Est Lyonnais (G),A,M18,P1,1,dimanche 13 septembre 2026 à 16H00,True,ST PRIEST HANDBALL,ISTRES PROVENCE HANDBALL,,Halle des sports,Genas,https://www.ffhandball.fr/competitions/saison-2026-2027-22/national/u18-masculins-2026-2027-32522/poule-190991/rencontre-2640907/,"Halle des sports, RUE DE LA FRATERNITE, Genas"
Entente Est Lyonnais (G),A,M18,P1,2,19 septembre 2026 au 20 septembre 2026,False,UODL HANDBALL,ST PRIEST HANDBALL,,,,https://www.ffhandball.fr/competitions/saison-2026-2027-22/national/u18-masculins-2026-2027-32522/poule-190991/rencontre-2640911/,
Entente Est Lyonnais (G),A,M18,P1,3,3 octobre 2026 au 4 octobre 2026,False,ST PRIEST HANDBALL,MONTELIMAR CLUB HANDBALL,,,,https://www.ffhandball.fr/competitions/saison-2026-2027-22/national/u18-masculins-2026-2027-32522/poule-190991/rencontre-2640913/,
Entente Est Lyonnais (G),A,M18,P1,4,samedi 10 octobre 2026 à 18H00,True,ESTEREL ST RAPHAEL VAR HB (U18M ELITE),ST PRIEST HANDBALL,,Palais des sports,St raphael,https://www.ffhandball.fr/competitions/saison-2026-2027-22/national/u18-masculins-2026-2027-32522/poule-190991/rencontre-2640915/,"Palais des sports, RUE DES CHATAIGNIERS, St raphael"
Entente Est Lyonnais (G),A,M18,P1,5,17 octobre 2026 au 18 octobre 2026,False,ST PRIEST HANDBALL,U.S. CRAUROISE HANDBALL,,,,https://www.ffhandball.fr/competitions/saison-2026-2027-22/national/u18-masculins-2026-2027-32522/poule-190991/rencontre-2640918/,
Entente Est Lyonnais (G),A,M18,P1,6,samedi 7 novembre 2026 à 19H00,True,ISTRES PROVENCE HANDBALL,ST PRIEST HANDBALL,,Bernard bardin,Istres,https://www.ffhandball.fr/competitions/saison-2026-2027-22/national/u18-masculins-2026-2027-32522/poule-190991/rencontre-2640922/,"Bernard bardin, RUE DU STADE - QUARTIER DES COGNETS, Istres"
Entente Est Lyonnais (G),A,M18,P1,7,14 novembre 2026 au 15 novembre 2026,False,ST PRIEST HANDBALL,UODL HANDBALL,,,,https://www.ffhandball.fr/competitions/saison-2026-2027-22/national/u18-masculins-2026-2027-32522/poule-190991/rencontre-2640926/,
Entente Est Lyonnais (G),A,M18,P1,8,28 novembre 2026 au 29 novembre 2026,False,MONTELIMAR CLUB HANDBALL,ST PRIEST HANDBALL,,,,https://www.ffhandball.fr/competitions/saison-2026-2027-22/national/u18-masculins-2026-2027-32522/poule-190991/rencontre-2640928/,
Entente Est Lyonnais (G),A,M18,P1,9,5 décembre 2026 au 6 décembre 2026,False,ST PRIEST HANDBALL,ESTEREL ST RAPHAEL VAR HB (U18M ELITE),,,,https://www.ffhandball.fr/competitions/saison-2026-2027-22/national/u18-masculins-2026-2027-32522/poule-190991/rencontre-2640930/,
Entente Est Lyonnais (G),A,M18,P1,10,12 décembre 2026 au 13 décembre 2026,False,U.S. CRAUROISE HANDBALL,ST PRIEST HANDBALL,,,,https://www.ffhandball.fr/competitions/saison-2026-2027-22/national/u18-masculins-2026-2027-32522/poule-190991/rencontre-2640933/,
Entente Villette Genas,C,M18,P1,1,12 septembre 2026 au 13 septembre 2026,False,M18M EXC - ENTENTE GENAS - VILLETTE,CS BOURGOIN JALLIEU HB,,,,https://www.ffhandball.fr/competitions/saison-2026-2027-22/regional/m18-ans-masculin-excellence-aura-30502/poule-190132/rencontre-2652382/,
Entente Villette Genas,C,M18,P1,3,3 octobre 2026 au 4 octobre 2026,False,M18M EXC - ENTENTE GENAS - VILLETTE,M18M EXC - ENTENTE CORBAS - ST PRIEST - CHAPONNAY,,,,https://www.ffhandball.fr/competitions/saison-2026-2027-22/regional/m18-ans-masculin-excellence-aura-30502/poule-190132/rencontre-2652388/,
Entente Villette Genas,C,M18,P1,4,10 octobre 2026 au 11 octobre 2026,False,HANDBALL CLUB DE LYON,M18M EXC - ENTENTE GENAS - VILLETTE,,,,https://www.ffhandball.fr/competitions/saison-2026-2027-22/regional/m18-ans-masculin-excellence-aura-30502/poule-190132/rencontre-2652390/,
Entente Villette Genas,C,M18,P1,5,17 octobre 2026 au 18 octobre 2026,False,M18M EXC - ENTENTE GENAS - VILLETTE,PAYS VOIRONNAIS HANDBALL 1,,,,https://www.ffhandball.fr/competitions/saison-2026-2027-22/regional/m18-ans-masculin-excellence-aura-30502/poule-190132/rencontre-2652393/,
Entente Villette Genas,C,M18,P1,6,7 novembre 2026 au 8 novembre 2026,False,CS BOURGOIN JALLIEU HB,M18M EXC - ENTENTE GENAS - VILLETTE,,,,https://www.ffhandball.fr/competitions/saison-2026-2027-22/regional/m18-ans-masculin-excellence-aura-30502/poule-190132/rencontre-2652397/,
Entente Villette Genas,C,M18,P1,8,21 novembre 2026 au 22 novembre 2026,False,M18M EXC - ENTENTE CORBAS - ST PRIEST - CHAPONNAY,M18M EXC - ENTENTE GENAS - VILLETTE,,,,https://www.ffhandball.fr/competitions/saison-2026-2027-22/regional/m18-ans-masculin-excellence-aura-30502/poule-190132/rencontre-2652403/,
Entente Villette Genas,C,M18,P1,9,28 novembre 2026 au 29 novembre 2026,False,M18M EXC - ENTENTE GENAS - VILLETTE,HANDBALL CLUB DE LYON,,,,https://www.ffhandball.fr/competitions/saison-2026-2027-22/regional/m18-ans-masculin-excellence-aura-30502/poule-190132/rencontre-2652405/,
Entente Villette Genas,C,M18,P1,10,5 décembre 2026 au 6 décembre 2026,False,PAYS VOIRONNAIS HANDBALL 1,M18M EXC - ENTENTE GENAS - VILLETTE,,,,https://www.ffhandball.fr/competitions/saison-2026-2027-22/regional/m18-ans-masculin-excellence-aura-30502/poule-190132/rencontre-2652408/,
Entente Est Lyonnais (G),B,M18,P1,1,samedi 12 septembre 2026 à 16H00,True,CIVRIEUX HANDBALL CLUB,M18M EXC - ENTENTE LIMAS/VHB,,Salle des sports,Civrieux d azergues,https://www.ffhandball.fr/competitions/saison-2026-2027-22/regional/m18-ans-masculin-excellence-aura-30502/poule-190125/rencontre-2652173/,"Salle des sports, ROUTE DE MARCILLY, Civrieux d azergues"
Entente Est Lyonnais (G),B,M18,P1,2,19 septembre 2026 au 20 septembre 2026,False,M18M EXC - ENTENTE LIMAS/VHB,5169049,,,,https://www.ffhandball.fr/competitions/saison-2026-2027-22/regional/m18-ans-masculin-excellence-aura-30502/poule-190125/rencontre-2652176/,
Entente Est Lyonnais (G),B,M18,P1,3,3 octobre 2026 au 4 octobre 2026,False,M18M EXC - ENTENTE LIMAS/VHB,TRÉVOUX - U18 EXCELLENCE,,,,https://www.ffhandball.fr/competitions/saison-2026-2027-22/regional/m18-ans-masculin-excellence-aura-30502/poule-190125/rencontre-2652177/,
Entente Est Lyonnais (G),B,M18,P1,4,10 octobre 2026 au 11 octobre 2026,False,M18M EXC - ENTENTE NORD BEAUJOLAIS 1,M18M EXC - ENTENTE LIMAS/VHB,,,,https://www.ffhandball.fr/competitions/saison-2026-2027-22/regional/m18-ans-masculin-excellence-aura-30502/poule-190125/rencontre-2652181/,
Entente Est Lyonnais (G),B,M18,P1,5,17 octobre 2026 au 18 octobre 2026,False,M18M EXC - ENTENTE LIMAS/VHB,ROANNE RIORGES HANDBALL 1,,,,https://www.ffhandball.fr/competitions/saison-2026-2027-22/regional/m18-ans-masculin-excellence-aura-30502/poule-190125/rencontre-2652185/,
Entente Est Lyonnais (G),B,M18,P1,6,7 novembre 2026 au 8 novembre 2026,False,M18M EXC - ENTENTE LIMAS/VHB,CIVRIEUX HANDBALL CLUB,,,,https://www.ffhandball.fr/competitions/saison-2026-2027-22/regional/m18-ans-masculin-excellence-aura-30502/poule-190125/rencontre-2652188/,
Entente Est Lyonnais (G),B,M18,P1,7,14 novembre 2026 au 15 novembre 2026,False,5169049,M18M EXC - ENTENTE LIMAS/VHB,,,,https://www.ffhandball.fr/competitions/saison-2026-2027-22/regional/m18-ans-masculin-excellence-aura-30502/poule-190125/rencontre-2652191/,
Entente Est Lyonnais (G),B,M18,P1,8,21 novembre 2026 au 22 novembre 2026,False,TRÉVOUX - U18 EXCELLENCE,M18M EXC - ENTENTE LIMAS/VHB,,,,https://www.ffhandball.fr/competitions/saison-2026-2027-22/regional/m18-ans-masculin-excellence-aura-30502/poule-190125/rencontre-2652192/,
Entente Est Lyonnais (G),B,M18,P1,9,28 novembre 2026 au 29 novembre 2026,False,M18M EXC - ENTENTE LIMAS/VHB,M18M EXC - ENTENTE NORD BEAUJOLAIS 1,,,,https://www.ffhandball.fr/competitions/saison-2026-2027-22/regional/m18-ans-masculin-excellence-aura-30502/poule-190125/rencontre-2652196/,
Entente Est Lyonnais (G),B,M18,P1,10,5 décembre 2026 au 6 décembre 2026,False,ROANNE RIORGES HANDBALL 1,M18M EXC - ENTENTE LIMAS/VHB,,,,https://www.ffhandball.fr/competitions/saison-2026-2027-22/regional/m18-ans-masculin-excellence-aura-30502/poule-190125/rencontre-2652200/,
